{
  "pools": 
  [
      {
         "rolls": 1,
         "entries": 
         [
            {
               "type": "item",
               "name": "minecraft:carrot_on_a_stick",
               "weight": 1,
               "functions": 
               [
                  {"function": "minecraft:set_name", "name": [{"text":"インフィニットポーチ","italic":"false","color":"#ffff00"}]},
                  {"function": "minecraft:set_lore", "lore": 
                  [
                     {"text": "(NoData)","color": "#ffffff","italic": false},{"text":""},
                     {"text":"アイテムを無限に収納できる不思議なポーチ。","color":"#ffffff","italic":false},
                     {"text":"オフハンドに持つことで利用可能で、","color":"#ffffff","italic":false},
                     {"text":"既に中身がある場合はそのアイテムと","color":"#ffffff","italic":false},
                     {"text":"全く同じもののみ収納できる。","color":"#ffffff","italic":false},
                     {"text":"[右クリック]メインハンドのアイテムを収納","color":"#ffffff","italic":false},
                     {"text":"[Shift+右クリック]中身を出す","color":"#ffffff","italic":false},
                     {"text":"[真上を向いてShift+右クリック]最大64個出す","color":"#ffffff","italic":false}
                  ]
                  },
                  {"function": "minecraft:set_nbt", "tag": "{va:{id:InfinitePouch,Item:[InfinitePouch]},CustomModelData:130004,Unbreakable:1b,HideFlags:127}"}
               ]
            }
         ]
      }
  ]
}
