[
  {
    "function": "minecraft:copy_nbt",
    "source": {"type": "minecraft:storage","source": "va_rm:tmp"},
    "ops": [{"source": "Item","target": "va.IPouch.Item","op": "replace"}]
  },
  {
    "function": "minecraft:set_lore",
    "entity":"this",
    "lore": 
    [
      {"nbt": "SelectedItem.id","entity": "@s","color": "#00ffff","italic": false,"extra":[{"text":"×","color": "#ffffff","italic": false,"extra":[{"score":{"name":"vaIPouchCount_S","objective":"va_Test"},"color": "#ffffff","italic": false}]}]},{"text":""},
      {"text":"アイテムを無限に収納できる不思議なポーチ。","color":"#ffffff","italic":false},
      {"text":"オフハンドに持つことで利用可能で、","color":"#ffffff","italic":false},
      {"text":"既に中身がある場合はそのアイテムと","color":"#ffffff","italic":false},
      {"text":"全く同じもののみ収納できる。","color":"#ffffff","italic":false},
      {"text":"[右クリック]メインハンドのアイテムを収納","color":"#ffffff","italic":false},
      {"text":"[Shift+右クリック]中身を出す","color":"#ffffff","italic":false},
      {"text":"[真上を向いてShift+右クリック]最大64個出す","color":"#ffffff","italic":false}
    ],
    "replace": true
  }
]
